2015-07-01,AAPL,11551
2015-07-02,AAPL,12192
2015-07-03,AAPL,10946
2015-07-04,AAPL,9718
2015-07-05,AAPL,10826
2015-07-06,AAPL,11711
2015-07-07,AAPL,13505
2015-07-08,AAPL,14554
2015-07-09,AAPL,13725
2015-07-10,AAPL,12394
2015-07-11,AAPL,10612
2015-07-12,AAPL,11718
2015-07-13,AAPL,12479
2015-07-14,AAPL,11447
2015-07-15,AAPL,10436
2015-07-16,AAPL,10174
2015-07-17,AAPL,9553
2015-07-18,AAPL,8380
2015-07-19,AAPL,9053
2015-07-20,AAPL,11562
2015-07-21,AAPL,12601
2015-07-22,AAPL,14158
2015-07-23,AAPL,11720
2015-07-24,AAPL,10423
2015-07-25,AAPL,8847
2015-07-26,AAPL,10143
2015-07-27,AAPL,10768
2015-07-28,AAPL,10424
2015-07-29,AAPL,17946
2015-07-30,AAPL,10358
2015-07-31,AAPL,9702
2015-08-01,AAPL,8582
2015-08-02,AAPL,8606
2015-08-03,AAPL,9117
2015-08-04,AAPL,10643
2015-08-05,AAPL,10773
2015-08-06,AAPL,10605
2015-08-07,AAPL,9945
2015-08-08,AAPL,8471
2015-08-09,AAPL,9310
2015-08-10,AAPL,11423
2015-08-11,AAPL,13982
2015-08-12,AAPL,12397
2015-08-13,AAPL,11585
2015-08-14,AAPL,10346
2015-08-15,AAPL,9086
2015-08-16,AAPL,10693
2015-08-17,AAPL,11900
2015-08-18,AAPL,11848
2015-08-19,AAPL,11008
2015-08-20,AAPL,11425
2015-08-21,AAPL,10455
2015-08-22,AAPL,8969
2015-08-23,AAPL,9896
2015-08-24,AAPL,11587
2015-08-25,AAPL,12128
2015-08-26,AAPL,12134
2015-08-27,AAPL,11308
2015-08-28,AAPL,10691
2015-08-29,AAPL,8632
2015-08-30,AAPL,10543
2015-08-31,AAPL,12582
2015-09-01,AAPL,12795
2015-09-02,AAPL,13353
2015-09-03,AAPL,12346
2015-09-04,AAPL,11848
2015-09-05,AAPL,10306
2015-09-06,AAPL,11500
2015-09-07,AAPL,14062
2015-09-08,AAPL,15472
2015-09-09,AAPL,23642
2015-09-10,AAPL,23704
2015-09-11,AAPL,18075
2015-09-12,AAPL,17900
2015-09-13,AAPL,15357
2015-09-14,AAPL,17669
2015-09-15,AAPL,17392
2015-09-16,AAPL,17715
2015-09-17,AAPL,16648
2015-09-18,AAPL,14835
2015-09-19,AAPL,11371
2015-09-20,AAPL,13078
2015-09-21,AAPL,16350
2015-09-22,AAPL,16818
2015-09-23,AAPL,14855
2015-09-24,AAPL,14405
2015-09-25,AAPL,14366
2015-09-26,AAPL,12168
2015-09-27,AAPL,14647
2015-09-28,AAPL,17979
2015-09-29,AAPL,16933
2015-09-30,AAPL,15986
2015-10-01,AAPL,14811
2015-10-02,AAPL,13771
2015-10-03,AAPL,11941
2015-10-04,AAPL,12754
2015-10-05,AAPL,17060
2015-10-06,AAPL,16811
2015-10-07,AAPL,16383
2015-10-08,AAPL,15736
2015-10-09,AAPL,14509
2015-10-10,AAPL,15472
2015-10-11,AAPL,12589
2015-10-12,AAPL,16101
2015-10-13,AAPL,16195
2015-10-14,AAPL,14917
2015-10-15,AAPL,15252
2015-10-16,AAPL,14043
2015-10-17,AAPL,12207
2015-10-18,AAPL,12730
2015-10-19,AAPL,20719
2015-10-20,AAPL,15293
2015-10-21,AAPL,14257
2015-10-22,AAPL,14495
2015-10-23,AAPL,14231
2015-10-24,AAPL,11895
2015-10-25,AAPL,13234
2015-10-26,AAPL,14500
2015-10-27,AAPL,15096
2015-10-28,AAPL,17414
2015-10-29,AAPL,14978
2015-10-30,AAPL,13012
2015-10-31,AAPL,10711
2015-11-01,AAPL,13285
2015-11-02,AAPL,15014
2015-11-03,AAPL,14990
2015-11-04,AAPL,14564
2015-11-05,AAPL,14733
2015-11-06,AAPL,13711
2015-11-07,AAPL,11269
2015-11-08,AAPL,11790
2015-11-09,AAPL,13874
2015-11-10,AAPL,13925
2015-11-11,AAPL,13929
2015-11-12,AAPL,14040
2015-11-13,AAPL,12420
2015-11-14,AAPL,10369
2015-11-15,AAPL,12087
2015-11-16,AAPL,13661
2015-11-17,AAPL,14263
2015-11-18,AAPL,13797
2015-11-19,AAPL,13947
2015-11-20,AAPL,12219
2015-11-21,AAPL,10298
2015-11-22,AAPL,11362
2015-11-23,AAPL,13641
2015-11-24,AAPL,12629
2015-11-25,AAPL,11684
2015-11-26,AAPL,11219
2015-11-27,AAPL,10072
2015-11-28,AAPL,9465
2015-11-29,AAPL,11622
2015-11-30,AAPL,13725
2015-12-01,AAPL,14012
2015-12-02,AAPL,14700
2015-12-03,AAPL,14169
2015-12-04,AAPL,15372
2015-12-05,AAPL,10236
2015-12-06,AAPL,11639
2015-12-07,AAPL,13315
2015-12-08,AAPL,14026
2015-12-09,AAPL,13735
2015-12-10,AAPL,13305
2015-12-11,AAPL,12241
2015-12-12,AAPL,10031
2015-12-13,AAPL,10960
2015-12-14,AAPL,12766
2015-12-15,AAPL,12165
2015-12-16,AAPL,11669
2015-12-17,AAPL,11992
2015-12-18,AAPL,10659
2015-12-19,AAPL,9003
2015-12-20,AAPL,9231
2015-12-21,AAPL,14935
2015-12-22,AAPL,11425
2015-12-23,AAPL,10142
2015-12-24,AAPL,9426
2015-12-25,AAPL,8962
2015-12-26,AAPL,10131
2015-12-27,AAPL,10467
2015-12-28,AAPL,10915
2015-12-29,AAPL,11920
2015-12-30,AAPL,11370
2015-12-31,AAPL,9717
2016-01-01,AAPL,9195
2016-01-02,AAPL,11263
2016-01-03,AAPL,12342
2016-01-04,AAPL,17188
2016-01-05,AAPL,13686
2016-01-06,AAPL,13276
2016-01-07,AAPL,13825
2016-01-08,AAPL,12831
2016-01-09,AAPL,11192
2016-01-10,AAPL,13058
2016-01-11,AAPL,14118
2016-01-12,AAPL,13215
2016-01-13,AAPL,12876
2016-01-14,AAPL,13055
2016-01-15,AAPL,12025
2016-01-16,AAPL,10656
2016-01-17,AAPL,11151
2016-01-18,AAPL,12684
2016-01-19,AAPL,14409
2016-01-20,AAPL,13187
2016-01-21,AAPL,13383
2016-01-22,AAPL,12632
2016-01-23,AAPL,10681
2016-01-24,AAPL,11338
2016-01-25,AAPL,12960
2016-01-26,AAPL,14250
2016-01-27,AAPL,16414
2016-01-28,AAPL,14637
2016-01-29,AAPL,13126
2016-01-30,AAPL,10438
2016-01-31,AAPL,11295
2016-02-01,AAPL,16438
2016-02-02,AAPL,15982
2016-02-03,AAPL,14749
2016-02-04,AAPL,14499
2016-02-05,AAPL,13370
2016-02-06,AAPL,11996
2016-02-07,AAPL,13211
2016-02-08,AAPL,14195
2016-02-09,AAPL,13723
2016-02-10,AAPL,12712
2016-02-11,AAPL,12668
2016-02-12,AAPL,11488
2016-02-13,AAPL,10178
2016-02-14,AAPL,10490
2016-02-15,AAPL,12843
2016-02-16,AAPL,14085
2016-02-17,AAPL,15771
2016-02-18,AAPL,15897
2016-02-19,AAPL,14099
2016-02-20,AAPL,12966
2016-02-21,AAPL,13679
2016-02-22,AAPL,16846
2016-02-23,AAPL,16103
2016-02-24,AAPL,15661
2016-02-25,AAPL,16154
2016-02-26,AAPL,14063
2016-02-27,AAPL,11593
2016-02-28,AAPL,13289
2016-02-29,AAPL,14316
2016-03-01,AAPL,14512
2016-03-02,AAPL,13752
2016-03-03,AAPL,13395
2016-03-04,AAPL,11892
2016-03-05,AAPL,10421
2016-03-06,AAPL,11112
2016-03-07,AAPL,13516
2016-03-08,AAPL,13517
2016-03-09,AAPL,12804
2016-03-10,AAPL,13132
2016-03-11,AAPL,11726
2016-03-12,AAPL,10143
2016-03-13,AAPL,11202
2016-03-14,AAPL,12999
2016-03-15,AAPL,12658
2016-03-16,AAPL,13278
2016-03-17,AAPL,13327
2016-03-18,AAPL,12332
2016-03-19,AAPL,9917
2016-03-20,AAPL,10947
2016-03-21,AAPL,17108
2016-03-22,AAPL,15535
2016-03-23,AAPL,12650
2016-03-24,AAPL,11806
2016-03-25,AAPL,10450
2016-03-26,AAPL,9667
2016-03-27,AAPL,10879
2016-03-28,AAPL,11930
2016-03-29,AAPL,13776
2016-03-30,AAPL,12885
2016-03-31,AAPL,12688
2016-04-01,AAPL,27033
2016-04-02,AAPL,12437
2016-04-03,AAPL,11511
2016-04-04,AAPL,13465
2016-04-05,AAPL,12785
2016-04-06,AAPL,14045
2016-04-07,AAPL,12586
2016-04-08,AAPL,11213
2016-04-09,AAPL,9413
2016-04-10,AAPL,10562
2016-04-11,AAPL,13375
2016-04-12,AAPL,12027
2016-04-13,AAPL,11907
2016-04-14,AAPL,11409
2016-04-15,AAPL,10417
2016-04-16,AAPL,8515
2016-04-17,AAPL,9747
2016-04-18,AAPL,13395
2016-04-19,AAPL,12854
2016-04-20,AAPL,12523
2016-04-21,AAPL,12111
2016-04-22,AAPL,11857
2016-04-23,AAPL,9944
2016-04-24,AAPL,10374
2016-04-25,AAPL,12422
2016-04-26,AAPL,13855
2016-04-27,AAPL,15439
2016-04-28,AAPL,13968
2016-04-29,AAPL,11556
2016-04-30,AAPL,9373
2016-05-01,AAPL,10209
2016-05-02,AAPL,11998
2016-05-03,AAPL,12420
2016-05-04,AAPL,12109
2016-05-05,AAPL,12487
2016-05-06,AAPL,10660
2016-05-07,AAPL,8790
2016-05-08,AAPL,8995
2016-05-09,AAPL,11696
2016-05-10,AAPL,11956
2016-05-11,AAPL,11928
2016-05-12,AAPL,12061
2016-05-13,AAPL,11460
2016-05-14,AAPL,9140
2016-05-15,AAPL,9180
2016-05-16,AAPL,12705
2016-05-17,AAPL,13453
2016-05-18,AAPL,13697
2016-05-19,AAPL,16583
2016-05-20,AAPL,13936
2016-05-21,AAPL,10981
2016-05-22,AAPL,10629
2016-05-23,AAPL,12830
2016-05-24,AAPL,12483
2016-05-25,AAPL,12058
2016-05-26,AAPL,11524
2016-05-27,AAPL,10824
2016-05-28,AAPL,8718
2016-05-29,AAPL,8808
2016-05-30,AAPL,9939
2016-05-31,AAPL,11005
2016-06-01,AAPL,10559
2016-06-02,AAPL,10668
2016-06-03,AAPL,9755
2016-06-04,AAPL,8723
2016-06-05,AAPL,8947
2016-06-06,AAPL,10950
2016-06-07,AAPL,10839
2016-06-08,AAPL,10801
2016-06-09,AAPL,10473
2016-06-10,AAPL,9729
2016-06-11,AAPL,8466
2016-06-12,AAPL,8644
2016-06-13,AAPL,12312
2016-06-14,AAPL,12553
2016-06-15,AAPL,11642
2016-06-16,AAPL,10706
2016-06-17,AAPL,9879
2016-06-18,AAPL,8595
2016-06-19,AAPL,9285
2016-06-20,AAPL,12016
2016-06-21,AAPL,11343
2016-06-22,AAPL,10490
2016-06-23,AAPL,10536
2016-06-24,AAPL,9256
2016-06-25,AAPL,8439
2016-06-26,AAPL,9559
2016-06-27,AAPL,9901
2016-06-28,AAPL,10443
2016-06-29,AAPL,10010
2016-06-30,AAPL,9674
2016-07-01,AAPL,9284
2016-07-02,AAPL,8003
2016-07-03,AAPL,8376
2016-07-04,AAPL,9113
2016-07-05,AAPL,9483
2016-07-06,AAPL,9124
2016-07-07,AAPL,8862
2016-07-08,AAPL,8177
2016-07-09,AAPL,7554
2016-07-10,AAPL,7788
2016-07-11,AAPL,9118
2016-07-12,AAPL,9999
2016-07-13,AAPL,9038
2016-07-14,AAPL,8985
2016-07-15,AAPL,8132
2016-07-16,AAPL,7629
2016-07-17,AAPL,8002
2016-07-18,AAPL,9325
2016-07-19,AAPL,9247
2016-07-20,AAPL,9266
2016-07-21,AAPL,9880
2016-07-22,AAPL,8689
2016-07-23,AAPL,7727
2016-07-24,AAPL,8382
2016-07-25,AAPL,9661
2016-07-26,AAPL,10364
2016-07-27,AAPL,10782
2016-07-28,AAPL,10606
2016-07-29,AAPL,10145
2016-07-30,AAPL,8777
2016-07-31,AAPL,9168
2016-08-01,AAPL,9742
2016-08-02,AAPL,9663
2016-08-03,AAPL,9625
2016-08-04,AAPL,9336
2016-08-05,AAPL,8889
2016-08-06,AAPL,7659
2016-08-07,AAPL,7997
2016-08-08,AAPL,8848
2016-08-09,AAPL,9235
2016-08-10,AAPL,9083
2016-08-11,AAPL,9285
2016-08-12,AAPL,8817
2016-08-13,AAPL,7607
2016-08-14,AAPL,7789
2016-08-15,AAPL,9136
2016-08-16,AAPL,9448
2016-08-17,AAPL,9456
2016-08-18,AAPL,9477
2016-08-19,AAPL,8831
2016-08-20,AAPL,7741
2016-08-21,AAPL,8542
2016-08-22,AAPL,9558
2016-08-23,AAPL,10560
2016-08-24,AAPL,10648
2016-08-25,AAPL,10802
2016-08-26,AAPL,10408
2016-08-27,AAPL,8422
2016-08-28,AAPL,9194
2016-08-29,AAPL,10723
2016-08-30,AAPL,23023
2016-08-31,AAPL,17324
2016-09-01,AAPL,13514
2016-09-02,AAPL,12053
2016-09-03,AAPL,9653
2016-09-04,AAPL,10529
2016-09-05,AAPL,11295
2016-09-06,AAPL,13519
2016-09-07,AAPL,25154
2016-09-08,AAPL,25100
2016-09-09,AAPL,21753
2016-09-10,AAPL,16086
2016-09-11,AAPL,16341
2016-09-12,AAPL,16571
2016-09-13,AAPL,17188
2016-09-14,AAPL,16233
2016-09-15,AAPL,17705
2016-09-16,AAPL,16738
2016-09-17,AAPL,16897
2016-09-18,AAPL,17001
2016-09-19,AAPL,18330
2016-09-20,AAPL,19868
2016-09-21,AAPL,22671
2016-09-22,AAPL,21822
2016-09-23,AAPL,13716
2016-09-24,AAPL,11070
2016-09-25,AAPL,17863
2016-09-26,AAPL,16354
2016-09-27,AAPL,16362
2016-09-28,AAPL,18090
2016-09-29,AAPL,17779
2016-09-30,AAPL,17132
2016-10-01,AAPL,13573
2016-10-02,AAPL,14784
2016-10-03,AAPL,18611
2016-10-04,AAPL,17367
2016-10-05,AAPL,15889
2016-10-06,AAPL,16433
2016-10-07,AAPL,16040
2016-10-08,AAPL,12918
2016-10-09,AAPL,16499
2016-10-10,AAPL,40474
2016-10-11,AAPL,43761
2016-10-12,AAPL,44083
2016-10-13,AAPL,21684
2016-10-14,AAPL,14008
2016-10-15,AAPL,12985
2016-10-16,AAPL,13313
2016-10-17,AAPL,14369
2016-10-18,AAPL,14104
2016-10-19,AAPL,13939
2016-10-20,AAPL,14093
2016-10-21,AAPL,12695
2016-10-22,AAPL,11295
2016-10-23,AAPL,12784
2016-10-24,AAPL,14049
2016-10-25,AAPL,15200
2016-10-26,AAPL,15502
2016-10-27,AAPL,15858
2016-10-28,AAPL,13296
2016-10-29,AAPL,10598
2016-10-30,AAPL,11131
2016-10-31,AAPL,13096
2016-11-01,AAPL,13874
2016-11-02,AAPL,13534
2016-11-03,AAPL,14182
2016-11-04,AAPL,13543
2016-11-05,AAPL,11763
2016-11-06,AAPL,12972
2016-11-07,AAPL,13444
2016-11-08,AAPL,13377
2016-11-09,AAPL,11890
2016-11-10,AAPL,12221
2016-11-11,AAPL,10943
2016-11-12,AAPL,9662
2016-11-13,AAPL,10665
2016-11-14,AAPL,13568
2016-11-15,AAPL,13302
2016-11-16,AAPL,14031
2016-11-17,AAPL,13416
2016-11-18,AAPL,11882
2016-11-19,AAPL,10299
2016-11-20,AAPL,14807
2016-11-21,AAPL,14695
2016-11-22,AAPL,14988
2016-11-23,AAPL,15023
2016-11-24,AAPL,12145
2016-11-25,AAPL,12548
2016-11-26,AAPL,13360
2016-11-27,AAPL,11960
2016-11-28,AAPL,13777
2016-11-29,AAPL,14063
2016-11-30,AAPL,14743
2016-12-01,AAPL,14258
2016-12-02,AAPL,13314
2016-12-03,AAPL,11010
2016-12-04,AAPL,12286
2016-12-05,AAPL,14097
2016-12-06,AAPL,13708
2016-12-07,AAPL,14215
2016-12-08,AAPL,13755
2016-12-09,AAPL,11654
2016-12-10,AAPL,9589
2016-12-11,AAPL,10937
2016-12-12,AAPL,12846
2016-12-13,AAPL,13119
2016-12-14,AAPL,13047
2016-12-15,AAPL,12521
2016-12-16,AAPL,10982
2016-12-17,AAPL,10312
2016-12-18,AAPL,10189
2016-12-19,AAPL,11138
2016-12-20,AAPL,11114
2016-12-21,AAPL,11003
2016-12-22,AAPL,14614
2016-12-23,AAPL,8959
2016-12-24,AAPL,7750
2016-12-25,AAPL,8433
2016-12-26,AAPL,10388
2016-12-27,AAPL,11381
2016-12-28,AAPL,11127
2016-12-29,AAPL,11501
2016-12-30,AAPL,9806
2016-12-31,AAPL,8149
2017-01-01,AAPL,8112
2015-07-01,AMZN,9828
2015-07-02,AMZN,10599
2015-07-03,AMZN,8953
2015-07-04,AMZN,7631
2015-07-05,AMZN,8248
2015-07-06,AMZN,10888
2015-07-07,AMZN,11043
2015-07-08,AMZN,10900
2015-07-09,AMZN,9957
2015-07-10,AMZN,10746
2015-07-11,AMZN,8249
2015-07-12,AMZN,8016
2015-07-13,AMZN,10217
2015-07-14,AMZN,11492
2015-07-15,AMZN,15581
2015-07-16,AMZN,13087
2015-07-17,AMZN,8954
2015-07-18,AMZN,7579
2015-07-19,AMZN,7662
2015-07-20,AMZN,9781
2015-07-21,AMZN,10168
2015-07-22,AMZN,9961
2015-07-23,AMZN,10832
2015-07-24,AMZN,12810
2015-07-25,AMZN,9596
2015-07-26,AMZN,9372
2015-07-27,AMZN,10659
2015-07-28,AMZN,11211
2015-07-29,AMZN,11613
2015-07-30,AMZN,12418
2015-07-31,AMZN,10947
2015-08-01,AMZN,8776
2015-08-02,AMZN,8795
2015-08-03,AMZN,9155
2015-08-04,AMZN,10858
2015-08-05,AMZN,10711
2015-08-06,AMZN,10461
2015-08-07,AMZN,11175
2015-08-08,AMZN,9813
2015-08-09,AMZN,8876
2015-08-10,AMZN,10833
2015-08-11,AMZN,11688
2015-08-12,AMZN,10718
2015-08-13,AMZN,10145
2015-08-14,AMZN,9084
2015-08-15,AMZN,8671
2015-08-16,AMZN,10852
2015-08-17,AMZN,15280
2015-08-18,AMZN,14686
2015-08-19,AMZN,12103
2015-08-20,AMZN,11285
2015-08-21,AMZN,11008
2015-08-22,AMZN,9857
2015-08-23,AMZN,8735
2015-08-24,AMZN,10610
2015-08-25,AMZN,10471
2015-08-26,AMZN,10611
2015-08-27,AMZN,10465
2015-08-28,AMZN,11294
2015-08-29,AMZN,8349
2015-08-30,AMZN,8760
2015-08-31,AMZN,10139
2015-09-01,AMZN,10473
2015-09-02,AMZN,10906
2015-09-03,AMZN,12579
2015-09-04,AMZN,10177
2015-09-05,AMZN,8935
2015-09-06,AMZN,9132
2015-09-07,AMZN,12246
2015-09-08,AMZN,11474
2015-09-09,AMZN,11351
2015-09-10,AMZN,11514
2015-09-11,AMZN,10584
2015-09-12,AMZN,9126
2015-09-13,AMZN,9235
2015-09-14,AMZN,11101
2015-09-15,AMZN,11684
2015-09-16,AMZN,11356
2015-09-17,AMZN,11478
2015-09-18,AMZN,12444
2015-09-19,AMZN,9908
2015-09-20,AMZN,10026
2015-09-21,AMZN,11467
2015-09-22,AMZN,11409
2015-09-23,AMZN,10934
2015-09-24,AMZN,11546
2015-09-25,AMZN,11212
2015-09-26,AMZN,8933
2015-09-27,AMZN,9454
2015-09-28,AMZN,11593
2015-09-29,AMZN,12873
2015-09-30,AMZN,12756
2015-10-01,AMZN,10032
2015-10-02,AMZN,9874
2015-10-03,AMZN,8435
2015-10-04,AMZN,8910
2015-10-05,AMZN,11382
2015-10-06,AMZN,11314
2015-10-07,AMZN,11500
2015-10-08,AMZN,11541
2015-10-09,AMZN,10495
2015-10-10,AMZN,8782
2015-10-11,AMZN,10858
2015-10-12,AMZN,12122
2015-10-13,AMZN,12631
2015-10-14,AMZN,12151
2015-10-15,AMZN,12316
2015-10-16,AMZN,11604
2015-10-17,AMZN,9396
2015-10-18,AMZN,10114
2015-10-19,AMZN,12600
2015-10-20,AMZN,11777
2015-10-21,AMZN,11214
2015-10-22,AMZN,11136
2015-10-23,AMZN,12548
2015-10-24,AMZN,9975
2015-10-25,AMZN,10365
2015-10-26,AMZN,12559
2015-10-27,AMZN,12653
2015-10-28,AMZN,11689
2015-10-29,AMZN,10433
2015-10-30,AMZN,10021
2015-10-31,AMZN,8784
2015-11-01,AMZN,8776
2015-11-02,AMZN,10917
2015-11-03,AMZN,11711
2015-11-04,AMZN,12118
2015-11-05,AMZN,12239
2015-11-06,AMZN,10863
2015-11-07,AMZN,9296
2015-11-08,AMZN,10273
2015-11-09,AMZN,11989
2015-11-10,AMZN,12684
2015-11-11,AMZN,12561
2015-11-12,AMZN,12951
2015-11-13,AMZN,10205
2015-11-14,AMZN,8890
2015-11-15,AMZN,11406
2015-11-16,AMZN,10729
2015-11-17,AMZN,11038
2015-11-18,AMZN,11165
2015-11-19,AMZN,11430
2015-11-20,AMZN,10225
2015-11-21,AMZN,9094
2015-11-22,AMZN,9963
2015-11-23,AMZN,11721
2015-11-24,AMZN,12234
2015-11-25,AMZN,13081
2015-11-26,AMZN,12728
2015-11-27,AMZN,12507
2015-11-28,AMZN,10771
2015-11-29,AMZN,11240
2015-11-30,AMZN,14794
2015-12-01,AMZN,13973
2015-12-02,AMZN,12842
2015-12-03,AMZN,12391
2015-12-04,AMZN,12304
2015-12-05,AMZN,10961
2015-12-06,AMZN,11621
2015-12-07,AMZN,13722
2015-12-08,AMZN,14729
2015-12-09,AMZN,13382
2015-12-10,AMZN,12496
2015-12-11,AMZN,11859
2015-12-12,AMZN,10521
2015-12-13,AMZN,11118
2015-12-14,AMZN,14162
2015-12-15,AMZN,12929
2015-12-16,AMZN,12299
2015-12-17,AMZN,12246
2015-12-18,AMZN,11795
2015-12-19,AMZN,9671
2015-12-20,AMZN,9483
2015-12-21,AMZN,10514
2015-12-22,AMZN,10317
2015-12-23,AMZN,9562
2015-12-24,AMZN,7847
2015-12-25,AMZN,7731
2015-12-26,AMZN,8376
2015-12-27,AMZN,10028
2015-12-28,AMZN,9868
2015-12-29,AMZN,9473
2015-12-30,AMZN,9343
2015-12-31,AMZN,7918
2016-01-01,AMZN,7507
2016-01-02,AMZN,8975
2016-01-03,AMZN,8897
2016-01-04,AMZN,10794
2016-01-05,AMZN,10697
2016-01-06,AMZN,10588
2016-01-07,AMZN,10338
2016-01-08,AMZN,9895
2016-01-09,AMZN,8767
2016-01-10,AMZN,8927
2016-01-11,AMZN,11110
2016-01-12,AMZN,10977
2016-01-13,AMZN,10851
2016-01-14,AMZN,10031
2016-01-15,AMZN,11328
2016-01-16,AMZN,10416
2016-01-17,AMZN,9327
2016-01-18,AMZN,10554
2016-01-19,AMZN,11196
2016-01-20,AMZN,11236
2016-01-21,AMZN,12121
2016-01-22,AMZN,11823
2016-01-23,AMZN,9696
2016-01-24,AMZN,9587
2016-01-25,AMZN,11201
2016-01-26,AMZN,11106
2016-01-27,AMZN,12010
2016-01-28,AMZN,12607
2016-01-29,AMZN,12983
2016-01-30,AMZN,10444
2016-01-31,AMZN,10602
2016-02-01,AMZN,11904
2016-02-02,AMZN,11732
2016-02-03,AMZN,12023
2016-02-04,AMZN,11869
2016-02-05,AMZN,10696
2016-02-06,AMZN,8371
2016-02-07,AMZN,8560
2016-02-08,AMZN,12246
2016-02-09,AMZN,11418
2016-02-10,AMZN,11000
2016-02-11,AMZN,11359
2016-02-12,AMZN,10266
2016-02-13,AMZN,8896
2016-02-14,AMZN,8684
2016-02-15,AMZN,10728
2016-02-16,AMZN,11158
2016-02-17,AMZN,10945
2016-02-18,AMZN,10998
2016-02-19,AMZN,10544
2016-02-20,AMZN,9665
2016-02-21,AMZN,9145
2016-02-22,AMZN,11111
2016-02-23,AMZN,11809
2016-02-24,AMZN,10828
2016-02-25,AMZN,11003
2016-02-26,AMZN,10118
2016-02-27,AMZN,8937
2016-02-28,AMZN,9373
2016-02-29,AMZN,10879
2016-03-01,AMZN,10612
2016-03-02,AMZN,11088
2016-03-03,AMZN,11036
2016-03-04,AMZN,10355
2016-03-05,AMZN,8276
2016-03-06,AMZN,8650
2016-03-07,AMZN,10587
2016-03-08,AMZN,10175
2016-03-09,AMZN,10919
2016-03-10,AMZN,11514
2016-03-11,AMZN,10000
2016-03-12,AMZN,8907
2016-03-13,AMZN,9002
2016-03-14,AMZN,10648
2016-03-15,AMZN,10061
2016-03-16,AMZN,11218
2016-03-17,AMZN,10652
2016-03-18,AMZN,10632
2016-03-19,AMZN,9152
2016-03-20,AMZN,8937
2016-03-21,AMZN,10656
2016-03-22,AMZN,9993
2016-03-23,AMZN,9392
2016-03-24,AMZN,9138
2016-03-25,AMZN,9600
2016-03-26,AMZN,8775
2016-03-27,AMZN,7988
2016-03-28,AMZN,9718
2016-03-29,AMZN,10506
2016-03-30,AMZN,11045
2016-03-31,AMZN,10499
2016-04-01,AMZN,9388
2016-04-02,AMZN,8327
2016-04-03,AMZN,8537
2016-04-04,AMZN,10608
2016-04-05,AMZN,10483
2016-04-06,AMZN,10983
2016-04-07,AMZN,9812
2016-04-08,AMZN,9226
2016-04-09,AMZN,8230
2016-04-10,AMZN,8503
2016-04-11,AMZN,11835
2016-04-12,AMZN,10356
2016-04-13,AMZN,12630
2016-04-14,AMZN,10232
2016-04-15,AMZN,9178
2016-04-16,AMZN,9660
2016-04-17,AMZN,7976
2016-04-18,AMZN,10284
2016-04-19,AMZN,10506
2016-04-20,AMZN,10413
2016-04-21,AMZN,10451
2016-04-22,AMZN,9540
2016-04-23,AMZN,8002
2016-04-24,AMZN,11391
2016-04-25,AMZN,10763
2016-04-26,AMZN,10964
2016-04-27,AMZN,10657
2016-04-28,AMZN,10607
2016-04-29,AMZN,10578
2016-04-30,AMZN,8122
2016-05-01,AMZN,8048
2016-05-02,AMZN,10118
2016-05-03,AMZN,10239
2016-05-04,AMZN,10100
2016-05-05,AMZN,10128
2016-05-06,AMZN,9242
2016-05-07,AMZN,7926
2016-05-08,AMZN,7967
2016-05-09,AMZN,10085
2016-05-10,AMZN,11247
2016-05-11,AMZN,11370
2016-05-12,AMZN,10944
2016-05-13,AMZN,10608
2016-05-14,AMZN,8248
2016-05-15,AMZN,8258
2016-05-16,AMZN,10699
2016-05-17,AMZN,12977
2016-05-18,AMZN,10595
2016-05-19,AMZN,10453
2016-05-20,AMZN,9532
2016-05-21,AMZN,8161
2016-05-22,AMZN,8481
2016-05-23,AMZN,10775
2016-05-24,AMZN,11322
2016-05-25,AMZN,10744
2016-05-26,AMZN,11110
2016-05-27,AMZN,9467
2016-05-28,AMZN,10331
2016-05-29,AMZN,8338
2016-05-30,AMZN,9752
2016-05-31,AMZN,10163
2016-06-01,AMZN,10484
2016-06-02,AMZN,10720
2016-06-03,AMZN,9450
2016-06-04,AMZN,8842
2016-06-05,AMZN,9064
2016-06-06,AMZN,10041
2016-06-07,AMZN,10160
2016-06-08,AMZN,12060
2016-06-09,AMZN,11213
2016-06-10,AMZN,9443
2016-06-11,AMZN,7741
2016-06-12,AMZN,8558
2016-06-13,AMZN,9667
2016-06-14,AMZN,9859
2016-06-15,AMZN,10493
2016-06-16,AMZN,9962
2016-06-17,AMZN,9581
2016-06-18,AMZN,8017
2016-06-19,AMZN,8116
2016-06-20,AMZN,9839
2016-06-21,AMZN,10388
2016-06-22,AMZN,10247
2016-06-23,AMZN,10308
2016-06-24,AMZN,10346
2016-06-25,AMZN,9871
2016-06-26,AMZN,9488
2016-06-27,AMZN,9492
2016-06-28,AMZN,10262
2016-06-29,AMZN,10425
2016-06-30,AMZN,10183
2016-07-01,AMZN,9271
2016-07-02,AMZN,8316
2016-07-03,AMZN,8940
2016-07-04,AMZN,10350
2016-07-05,AMZN,10654
2016-07-06,AMZN,12031
2016-07-07,AMZN,11954
2016-07-08,AMZN,10668
2016-07-09,AMZN,10296
2016-07-10,AMZN,11795
2016-07-11,AMZN,12098
2016-07-12,AMZN,13632
2016-07-13,AMZN,12001
2016-07-14,AMZN,11070
2016-07-15,AMZN,10148
2016-07-16,AMZN,9121
2016-07-17,AMZN,9606
2016-07-18,AMZN,10980
2016-07-19,AMZN,11441
2016-07-20,AMZN,10526
2016-07-21,AMZN,11109
2016-07-22,AMZN,13342
2016-07-23,AMZN,10106
2016-07-24,AMZN,9951
2016-07-25,AMZN,11200
2016-07-26,AMZN,12526
2016-07-27,AMZN,11810
2016-07-28,AMZN,12088
2016-07-29,AMZN,15075
2016-07-30,AMZN,10786
2016-07-31,AMZN,10773
2016-08-01,AMZN,11468
2016-08-02,AMZN,11619
2016-08-03,AMZN,10867
2016-08-04,AMZN,10848
2016-08-05,AMZN,11042
2016-08-06,AMZN,9378
2016-08-07,AMZN,9371
2016-08-08,AMZN,11489
2016-08-09,AMZN,12005
2016-08-10,AMZN,10894
2016-08-11,AMZN,10683
2016-08-12,AMZN,11011
2016-08-13,AMZN,7660
2016-08-14,AMZN,8026
2016-08-15,AMZN,9338
2016-08-16,AMZN,10224
2016-08-17,AMZN,10537
2016-08-18,AMZN,10160
2016-08-19,AMZN,9833
2016-08-20,AMZN,9003
2016-08-21,AMZN,9518
2016-08-22,AMZN,10998
2016-08-23,AMZN,11397
2016-08-24,AMZN,12001
2016-08-25,AMZN,11721
2016-08-26,AMZN,11477
2016-08-27,AMZN,10112
2016-08-28,AMZN,11928
2016-08-29,AMZN,12379
2016-08-30,AMZN,12233
2016-08-31,AMZN,12200
2016-09-01,AMZN,11739
2016-09-02,AMZN,11135
2016-09-03,AMZN,9085
2016-09-04,AMZN,9193
2016-09-05,AMZN,12447
2016-09-06,AMZN,11451
2016-09-07,AMZN,11632
2016-09-08,AMZN,11938
2016-09-09,AMZN,10832
2016-09-10,AMZN,9288
2016-09-11,AMZN,9446
2016-09-12,AMZN,11225
2016-09-13,AMZN,11666
2016-09-14,AMZN,11743
2016-09-15,AMZN,11797
2016-09-16,AMZN,12931
2016-09-17,AMZN,13622
2016-09-18,AMZN,13606
2016-09-19,AMZN,14915
2016-09-20,AMZN,16269
2016-09-21,AMZN,19250
2016-09-22,AMZN,18919
2016-09-23,AMZN,12397
2016-09-24,AMZN,9515
2016-09-25,AMZN,10504
2016-09-26,AMZN,12232
2016-09-27,AMZN,13193
2016-09-28,AMZN,12849
2016-09-29,AMZN,13686
2016-09-30,AMZN,17725
2016-10-01,AMZN,12592
2016-10-02,AMZN,11569
2016-10-03,AMZN,13990
2016-10-04,AMZN,14088
2016-10-05,AMZN,13586
2016-10-06,AMZN,13857
2016-10-07,AMZN,12251
2016-10-08,AMZN,9567
2016-10-09,AMZN,9239
2016-10-10,AMZN,11124
2016-10-11,AMZN,11519
2016-10-12,AMZN,12238
2016-10-13,AMZN,12651
2016-10-14,AMZN,14456
2016-10-15,AMZN,10448
2016-10-16,AMZN,11129
2016-10-17,AMZN,13813
2016-10-18,AMZN,13479
2016-10-19,AMZN,13634
2016-10-20,AMZN,13366
2016-10-21,AMZN,11979
2016-10-22,AMZN,10409
2016-10-23,AMZN,11612
2016-10-24,AMZN,12700
2016-10-25,AMZN,13368
2016-10-26,AMZN,12881
2016-10-27,AMZN,14199
2016-10-28,AMZN,11206
2016-10-29,AMZN,8526
2016-10-30,AMZN,8798
2016-10-31,AMZN,10199
2016-11-01,AMZN,10728
2016-11-02,AMZN,11829
2016-11-03,AMZN,11665
2016-11-04,AMZN,10974
2016-11-05,AMZN,9435
2016-11-06,AMZN,9606
2016-11-07,AMZN,11742
2016-11-08,AMZN,11727
2016-11-09,AMZN,10300
2016-11-10,AMZN,11149
2016-11-11,AMZN,11552
2016-11-12,AMZN,9122
2016-11-13,AMZN,9514
2016-11-14,AMZN,12834
2016-11-15,AMZN,12630
2016-11-16,AMZN,12390
2016-11-17,AMZN,12766
2016-11-18,AMZN,12186
2016-11-19,AMZN,9471
2016-11-20,AMZN,9933
2016-11-21,AMZN,11086
2016-11-22,AMZN,12114
2016-11-23,AMZN,12018
2016-11-24,AMZN,11312
2016-11-25,AMZN,13494
2016-11-26,AMZN,11609
2016-11-27,AMZN,11672
2016-11-28,AMZN,15893
2016-11-29,AMZN,15306
2016-11-30,AMZN,13945
2016-12-01,AMZN,14010
2016-12-02,AMZN,13307
2016-12-03,AMZN,11655
2016-12-04,AMZN,12405
2016-12-05,AMZN,14987
2016-12-06,AMZN,16612
2016-12-07,AMZN,15567
2016-12-08,AMZN,14832
2016-12-09,AMZN,13449
2016-12-10,AMZN,12182
2016-12-11,AMZN,12113
2016-12-12,AMZN,13993
2016-12-13,AMZN,13738
2016-12-14,AMZN,14434
2016-12-15,AMZN,14028
2016-12-16,AMZN,12307
2016-12-17,AMZN,11252
2016-12-18,AMZN,12300
2016-12-19,AMZN,13207
2016-12-20,AMZN,13805
2016-12-21,AMZN,12875
2016-12-22,AMZN,12488
2016-12-23,AMZN,10708
2016-12-24,AMZN,8944
2016-12-25,AMZN,9630
2016-12-26,AMZN,11415
2016-12-27,AMZN,12328
2016-12-28,AMZN,12773
2016-12-29,AMZN,12333
2016-12-30,AMZN,11161
2016-12-31,AMZN,8978
2017-01-01,AMZN,11114
2015-07-01,TSLA,2
2015-07-02,TSLA,17
2015-07-03,TSLA,23
2015-07-04,TSLA,3
2015-07-05,TSLA,28
2015-07-06,TSLA,9
2015-07-07,TSLA,6
2015-07-08,TSLA,4
2015-07-09,TSLA,8
2015-07-10,TSLA,2
2015-07-11,TSLA,2
2015-07-12,TSLA,3
2015-07-13,TSLA,2
2015-07-14,TSLA,3
2015-07-15,TSLA,4
2015-07-17,TSLA,6
2015-07-18,TSLA,2
2015-07-19,TSLA,1
2015-07-20,TSLA,5
2015-07-21,TSLA,2
2015-07-22,TSLA,4
2015-07-23,TSLA,1
2015-07-24,TSLA,3
2015-07-25,TSLA,2
2015-07-26,TSLA,4
2015-07-27,TSLA,3
2015-07-28,TSLA,7
2015-07-29,TSLA,3
2015-07-30,TSLA,2
2015-07-31,TSLA,3
2015-08-01,TSLA,1
2015-08-02,TSLA,1
2015-08-03,TSLA,1
2015-08-04,TSLA,3
2015-08-05,TSLA,2
2015-08-06,TSLA,4
2015-08-07,TSLA,0
2015-08-08,TSLA,4
2015-08-09,TSLA,3
2015-08-10,TSLA,3
2015-08-11,TSLA,7
2015-08-12,TSLA,3
2015-08-13,TSLA,2
2015-08-14,TSLA,2
2015-08-15,TSLA,1
2015-08-16,TSLA,2
2015-08-17,TSLA,2
2015-08-18,TSLA,4
2015-08-19,TSLA,7
2015-08-20,TSLA,4
2015-08-21,TSLA,4
2015-08-22,TSLA,1
2015-08-23,TSLA,3
2015-08-24,TSLA,6
2015-08-25,TSLA,7
2015-08-26,TSLA,1
2015-08-27,TSLA,1
2015-08-28,TSLA,4
2015-08-29,TSLA,2
2015-08-30,TSLA,10
2015-08-31,TSLA,3
2015-09-01,TSLA,4
2015-09-02,TSLA,3
2015-09-03,TSLA,2
2015-09-04,TSLA,7
2015-09-05,TSLA,3
2015-09-06,TSLA,2
2015-09-08,TSLA,4
2015-09-09,TSLA,2
2015-09-10,TSLA,5
2015-09-11,TSLA,2
2015-09-12,TSLA,3
2015-09-13,TSLA,3
2015-09-14,TSLA,5
2015-09-15,TSLA,1
2015-09-16,TSLA,1
2015-09-17,TSLA,0
2015-09-18,TSLA,0
2015-09-19,TSLA,0
2015-09-20,TSLA,1
2015-09-21,TSLA,5
2015-09-22,TSLA,2
2015-09-23,TSLA,2
2015-09-24,TSLA,1
2015-09-25,TSLA,2
2015-09-26,TSLA,0
2015-09-27,TSLA,2
2015-09-28,TSLA,2
2015-09-29,TSLA,3
2015-09-30,TSLA,5
2015-10-01,TSLA,3
2015-10-02,TSLA,0
2015-10-03,TSLA,3
2015-10-04,TSLA,7
2015-10-05,TSLA,0
2015-10-06,TSLA,3
2015-10-07,TSLA,0
2015-10-08,TSLA,3
2015-10-09,TSLA,2
2015-10-10,TSLA,3
2015-10-11,TSLA,3
2015-10-12,TSLA,4
2015-10-13,TSLA,7
2015-10-14,TSLA,1
2015-10-15,TSLA,2
2015-10-16,TSLA,2
2015-10-17,TSLA,1
2015-10-18,TSLA,2
2015-10-19,TSLA,3
2015-10-20,TSLA,6
2015-10-21,TSLA,4
2015-10-22,TSLA,2
2015-10-23,TSLA,2
2015-10-24,TSLA,1
2015-10-25,TSLA,0
2015-10-26,TSLA,4
2015-10-27,TSLA,3
2015-10-28,TSLA,2
2015-10-29,TSLA,1
2015-10-30,TSLA,0
2015-11-02,TSLA,3
2015-11-03,TSLA,2
2015-11-04,TSLA,3
2015-11-05,TSLA,2
2015-11-06,TSLA,3
2015-11-07,TSLA,0
2015-11-08,TSLA,1
2015-11-09,TSLA,2
2015-11-10,TSLA,2
2015-11-11,TSLA,2
2015-11-12,TSLA,6
2015-11-13,TSLA,1
2015-11-14,TSLA,3
2015-11-15,TSLA,0
2015-11-16,TSLA,2
2015-11-17,TSLA,6
2015-11-18,TSLA,3
2015-11-19,TSLA,2
2015-11-20,TSLA,2
2015-11-21,TSLA,2
2015-11-22,TSLA,4
2015-11-23,TSLA,3
2015-11-24,TSLA,0
2015-11-25,TSLA,4
2015-11-26,TSLA,3
2015-11-27,TSLA,2
2015-11-28,TSLA,9
2015-11-29,TSLA,1
2015-11-30,TSLA,5
2015-12-01,TSLA,1
2015-12-02,TSLA,3
2015-12-03,TSLA,2
2015-12-04,TSLA,3
2015-12-06,TSLA,2
2015-12-07,TSLA,1
2015-12-08,TSLA,3
2015-12-09,TSLA,3
2015-12-10,TSLA,1
2015-12-11,TSLA,3
2015-12-12,TSLA,1
2015-12-13,TSLA,1
2015-12-14,TSLA,2
2015-12-15,TSLA,1
2015-12-16,TSLA,7
2015-12-17,TSLA,3
2015-12-18,TSLA,0
2015-12-19,TSLA,2
2015-12-20,TSLA,4
2015-12-21,TSLA,4
2015-12-22,TSLA,3
2015-12-23,TSLA,1
2015-12-24,TSLA,1
2015-12-25,TSLA,2
2015-12-26,TSLA,1
2015-12-27,TSLA,2
2015-12-28,TSLA,3
2015-12-29,TSLA,0
2015-12-30,TSLA,3
2015-12-31,TSLA,1
2016-01-01,TSLA,2
2016-01-02,TSLA,1
2016-01-03,TSLA,2
2016-01-04,TSLA,2
2016-01-05,TSLA,2
2016-01-06,TSLA,2
2016-01-07,TSLA,1
2016-01-08,TSLA,2
2016-01-09,TSLA,3
2016-01-10,TSLA,5
2016-01-11,TSLA,4
2016-01-12,TSLA,1
2016-01-13,TSLA,2
2016-01-14,TSLA,2
2016-01-16,TSLA,0
2016-01-17,TSLA,0
2016-01-18,TSLA,2
2016-01-19,TSLA,1
2016-01-20,TSLA,2
2016-01-21,TSLA,3
2016-01-22,TSLA,1
2016-01-23,TSLA,1
2016-01-24,TSLA,4
2016-01-25,TSLA,0
2016-01-26,TSLA,2
2016-01-27,TSLA,5
2016-01-28,TSLA,4
2016-01-29,TSLA,2
2016-01-30,TSLA,1
2016-01-31,TSLA,6
2016-02-01,TSLA,2
2016-02-02,TSLA,4
2016-02-03,TSLA,6
2016-02-04,TSLA,4
2016-02-05,TSLA,4
2016-02-06,TSLA,4
2016-02-07,TSLA,6
2016-02-08,TSLA,2
2016-02-09,TSLA,1
2016-02-10,TSLA,3
2016-02-11,TSLA,3
2016-02-12,TSLA,0
2016-02-14,TSLA,0
2016-02-15,TSLA,1
2016-02-16,TSLA,6
2016-02-17,TSLA,3
2016-02-18,TSLA,4
2016-02-19,TSLA,2
2016-02-20,TSLA,0
2016-02-21,TSLA,3
2016-02-22,TSLA,3
2016-02-23,TSLA,2
2016-02-24,TSLA,3
2016-02-25,TSLA,4
2016-02-26,TSLA,3
2016-02-27,TSLA,0
2016-02-28,TSLA,3
2016-02-29,TSLA,1
2016-03-01,TSLA,4
2016-03-02,TSLA,2
2016-03-03,TSLA,7
2016-03-04,TSLA,4
2016-03-05,TSLA,0
2016-03-06,TSLA,2
2016-03-07,TSLA,3
2016-03-08,TSLA,3
2016-03-09,TSLA,5
2016-03-10,TSLA,4
2016-03-11,TSLA,2
2016-03-12,TSLA,1
2016-03-13,TSLA,1
2016-03-14,TSLA,2
2016-03-15,TSLA,2
2016-03-16,TSLA,2
2016-03-17,TSLA,1
2016-03-18,TSLA,2
2016-03-19,TSLA,2
2016-03-20,TSLA,0
2016-03-21,TSLA,4
2016-03-22,TSLA,1
2016-03-23,TSLA,1
2016-03-24,TSLA,1
2016-03-25,TSLA,1
2016-03-26,TSLA,1
2016-03-27,TSLA,1
2016-03-28,TSLA,2
2016-03-29,TSLA,2
2016-03-30,TSLA,1
2016-03-31,TSLA,3
2016-04-01,TSLA,6
2016-04-02,TSLA,1
2016-04-03,TSLA,2
2016-04-04,TSLA,1
2016-04-05,TSLA,8
2016-04-06,TSLA,8
2016-04-07,TSLA,1
2016-04-08,TSLA,4
2016-04-09,TSLA,3
2016-04-10,TSLA,1
2016-04-11,TSLA,5
2016-04-12,TSLA,3
2016-04-13,TSLA,3
2016-04-14,TSLA,1
2016-04-15,TSLA,3
2016-04-16,TSLA,2
2016-04-17,TSLA,4
2016-04-18,TSLA,2
2016-04-19,TSLA,2
2016-04-20,TSLA,1
2016-04-21,TSLA,1
2016-04-22,TSLA,3
2016-04-23,TSLA,4
2016-04-24,TSLA,1
2016-04-25,TSLA,4
2016-04-26,TSLA,1
2016-04-27,TSLA,2
2016-04-28,TSLA,5
2016-04-29,TSLA,3
2016-04-30,TSLA,6
2016-05-01,TSLA,3
2016-05-02,TSLA,2
2016-05-03,TSLA,1
2016-05-04,TSLA,2
2016-05-05,TSLA,0
2016-05-06,TSLA,5
2016-05-07,TSLA,3
2016-05-08,TSLA,2
2016-05-09,TSLA,1
2016-05-10,TSLA,0
2016-05-11,TSLA,4
2016-05-12,TSLA,4
2016-05-13,TSLA,1
2016-05-15,TSLA,1
2016-05-16,TSLA,2
2016-05-17,TSLA,5
2016-05-18,TSLA,7
2016-05-19,TSLA,5
2016-05-20,TSLA,0
2016-05-21,TSLA,1
2016-05-22,TSLA,3
2016-05-23,TSLA,5
2016-05-24,TSLA,3
2016-05-25,TSLA,2
2016-05-26,TSLA,5
2016-05-27,TSLA,5
2016-05-28,TSLA,1
2016-05-29,TSLA,2
2016-05-30,TSLA,4
2016-05-31,TSLA,1
2016-06-01,TSLA,4
2016-06-02,TSLA,2
2016-06-03,TSLA,4
2016-06-04,TSLA,2
2016-06-05,TSLA,3
2016-06-06,TSLA,5
2016-06-07,TSLA,3
2016-06-08,TSLA,5
2016-06-09,TSLA,2
2016-06-10,TSLA,0
2016-06-11,TSLA,1
2016-06-12,TSLA,0
2016-06-13,TSLA,2
2016-06-14,TSLA,3
2016-06-15,TSLA,1
2016-06-17,TSLA,5
2016-06-18,TSLA,1
2016-06-19,TSLA,1
2016-06-20,TSLA,3
2016-06-21,TSLA,6
2016-06-22,TSLA,5
2016-06-23,TSLA,3
2016-06-24,TSLA,4
2016-06-25,TSLA,1
2016-06-27,TSLA,3
2016-06-28,TSLA,0
2016-06-29,TSLA,2
2016-06-30,TSLA,3
2016-07-01,TSLA,4
2016-07-02,TSLA,0
2016-07-03,TSLA,4
2016-07-04,TSLA,3
2016-07-05,TSLA,0
2016-07-06,TSLA,1
2016-07-07,TSLA,3
2016-07-08,TSLA,5
2016-07-09,TSLA,4
2016-07-10,TSLA,1
2016-07-11,TSLA,3
2016-07-12,TSLA,3
2016-07-13,TSLA,2
2016-07-14,TSLA,3
2016-07-15,TSLA,3
2016-07-17,TSLA,1
2016-07-18,TSLA,2
2016-07-19,TSLA,1
2016-07-20,TSLA,3
2016-07-21,TSLA,0
2016-07-22,TSLA,2
2016-07-23,TSLA,1
2016-07-24,TSLA,2
2016-07-25,TSLA,5
2016-07-26,TSLA,7
2016-07-27,TSLA,8
2016-07-28,TSLA,3
2016-07-29,TSLA,1
2016-07-30,TSLA,2
2016-07-31,TSLA,1
2016-08-01,TSLA,3
2016-08-02,TSLA,4
2016-08-03,TSLA,1
2016-08-04,TSLA,3
2016-08-05,TSLA,3
2016-08-06,TSLA,1
2016-08-07,TSLA,0
2016-08-08,TSLA,1
2016-08-09,TSLA,0
2016-08-10,TSLA,2
2016-08-11,TSLA,4
2016-08-12,TSLA,4
2016-08-13,TSLA,1
2016-08-14,TSLA,1
2016-08-15,TSLA,3
2016-08-16,TSLA,1
2016-08-17,TSLA,1
2016-08-18,TSLA,2
2016-08-19,TSLA,1
2016-08-20,TSLA,1
2016-08-21,TSLA,1
2016-08-22,TSLA,3
2016-08-23,TSLA,5
2016-08-24,TSLA,4
2016-08-25,TSLA,1
2016-08-26,TSLA,2
2016-08-27,TSLA,1
2016-08-28,TSLA,0
2016-08-29,TSLA,0
2016-08-30,TSLA,5
2016-08-31,TSLA,3
2016-09-01,TSLA,0
2016-09-02,TSLA,8
2016-09-03,TSLA,0
2016-09-04,TSLA,4
2016-09-05,TSLA,4
2016-09-06,TSLA,2
2016-09-07,TSLA,3
2016-09-08,TSLA,2
2016-09-09,TSLA,1
2016-09-10,TSLA,1
2016-09-11,TSLA,4
2016-09-12,TSLA,2
2016-09-13,TSLA,2
2016-09-14,TSLA,2
2016-09-15,TSLA,2
2016-09-16,TSLA,2
2016-09-17,TSLA,1
2016-09-18,TSLA,1
2016-09-19,TSLA,6
2016-09-20,TSLA,1
2016-09-21,TSLA,4
2016-09-22,TSLA,1
2016-09-23,TSLA,2
2016-09-24,TSLA,3
2016-09-25,TSLA,1
2016-09-26,TSLA,2
2016-09-27,TSLA,3
2016-09-28,TSLA,2
2016-09-29,TSLA,7
2016-09-30,TSLA,2
2016-10-01,TSLA,1
2016-10-02,TSLA,1
2016-10-03,TSLA,1
2016-10-04,TSLA,1
2016-10-05,TSLA,5
2016-10-06,TSLA,2
2016-10-07,TSLA,2
2016-10-08,TSLA,4
2016-10-09,TSLA,4
2016-10-10,TSLA,8
2016-10-11,TSLA,3
2016-10-12,TSLA,2
2016-10-13,TSLA,4
2016-10-14,TSLA,1
2016-10-15,TSLA,1
2016-10-16,TSLA,0
2016-10-17,TSLA,0
2016-10-18,TSLA,1
2016-10-19,TSLA,2
2016-10-20,TSLA,5
2016-10-21,TSLA,5
2016-10-22,TSLA,2
2016-10-23,TSLA,2
2016-10-24,TSLA,2
2016-10-25,TSLA,2
2016-10-26,TSLA,4
2016-10-27,TSLA,5
2016-10-28,TSLA,1
2016-10-29,TSLA,0
2016-10-30,TSLA,3
2016-10-31,TSLA,3
2016-11-01,TSLA,2
2016-11-02,TSLA,1
2016-11-03,TSLA,4
2016-11-04,TSLA,2
2016-11-05,TSLA,0
2016-11-06,TSLA,3
2016-11-07,TSLA,2
2016-11-08,TSLA,3
2016-11-09,TSLA,3
2016-11-10,TSLA,7
2016-11-11,TSLA,4
2016-11-12,TSLA,3
2016-11-13,TSLA,3
2016-11-14,TSLA,5
2016-11-15,TSLA,5
2016-11-16,TSLA,4
2016-11-17,TSLA,2
2016-11-18,TSLA,4
2016-11-19,TSLA,0
2016-11-20,TSLA,7
2016-11-21,TSLA,2
2016-11-22,TSLA,3
2016-11-23,TSLA,3
2016-11-24,TSLA,3
2016-11-25,TSLA,0
2016-11-27,TSLA,0
2016-11-29,TSLA,3
2016-11-30,TSLA,2
2016-12-01,TSLA,2
2016-12-02,TSLA,1
2016-12-03,TSLA,2
2016-12-04,TSLA,3
2016-12-05,TSLA,5
2016-12-06,TSLA,2
2016-12-07,TSLA,5
2016-12-08,TSLA,3
2016-12-09,TSLA,2
2016-12-10,TSLA,4
2016-12-11,TSLA,3
2016-12-12,TSLA,8
2016-12-14,TSLA,3
2016-12-15,TSLA,4
2016-12-16,TSLA,3
2016-12-17,TSLA,0
2016-12-18,TSLA,2
2016-12-19,TSLA,1
2016-12-20,TSLA,2
2016-12-21,TSLA,3
2016-12-22,TSLA,3
2016-12-23,TSLA,2
2016-12-24,TSLA,0
2016-12-25,TSLA,2
2016-12-26,TSLA,3
2016-12-27,TSLA,5
2016-12-28,TSLA,3
2016-12-29,TSLA,4
2016-12-30,TSLA,0
2016-12-31,TSLA,2
2017-01-01,TSLA,5
2015-07-01,MSFT,7479
2015-07-02,MSFT,7671
2015-07-03,MSFT,6418
2015-07-04,MSFT,5829
2015-07-05,MSFT,6086
2015-07-06,MSFT,7491
2015-07-07,MSFT,7518
2015-07-08,MSFT,10472
2015-07-09,MSFT,9806
2015-07-10,MSFT,7816
2015-07-11,MSFT,6237
2015-07-12,MSFT,6492
2015-07-13,MSFT,7857
2015-07-14,MSFT,7314
2015-07-15,MSFT,7583
2015-07-16,MSFT,7442
2015-07-17,MSFT,6212
2015-07-18,MSFT,5460
2015-07-19,MSFT,5669
2015-07-20,MSFT,7240
2015-07-21,MSFT,7882
2015-07-22,MSFT,8788
2015-07-23,MSFT,8648
2015-07-24,MSFT,7326
2015-07-25,MSFT,6010
2015-07-26,MSFT,6133
2015-07-27,MSFT,8174
2015-07-28,MSFT,8182
2015-07-29,MSFT,10496
2015-07-30,MSFT,9333
2015-07-31,MSFT,8510
2015-08-01,MSFT,6891
2015-08-02,MSFT,6747
2015-08-03,MSFT,7100
2015-08-04,MSFT,8767
2015-08-05,MSFT,7870
2015-08-06,MSFT,7955
2015-08-07,MSFT,8200
2015-08-08,MSFT,6352
2015-08-09,MSFT,6449
2015-08-10,MSFT,8158
2015-08-11,MSFT,12627
2015-08-12,MSFT,11063
2015-08-13,MSFT,9423
2015-08-14,MSFT,8266
2015-08-15,MSFT,6269
2015-08-16,MSFT,6830
2015-08-17,MSFT,8246
2015-08-18,MSFT,8220
2015-08-19,MSFT,7898
2015-08-20,MSFT,7863
2015-08-21,MSFT,7450
2015-08-22,MSFT,6008
2015-08-23,MSFT,6241
2015-08-24,MSFT,8008
2015-08-25,MSFT,8269
2015-08-26,MSFT,8355
2015-08-27,MSFT,7684
2015-08-28,MSFT,7133
2015-08-29,MSFT,5764
2015-08-30,MSFT,6253
2015-08-31,MSFT,7639
2015-09-01,MSFT,8213
2015-09-02,MSFT,9056
2015-09-03,MSFT,8188
2015-09-04,MSFT,7573
2015-09-05,MSFT,6047
2015-09-06,MSFT,6922
2015-09-07,MSFT,7617
2015-09-08,MSFT,9301
2015-09-09,MSFT,10234
2015-09-10,MSFT,9601
2015-09-11,MSFT,8428
2015-09-12,MSFT,6604
2015-09-13,MSFT,8176
2015-09-14,MSFT,9546
2015-09-15,MSFT,9635
2015-09-16,MSFT,9324
2015-09-17,MSFT,10055
2015-09-18,MSFT,8463
2015-09-19,MSFT,6623
2015-09-20,MSFT,7239
2015-09-21,MSFT,9513
2015-09-22,MSFT,9972
2015-09-23,MSFT,8698
2015-09-24,MSFT,8542
2015-09-25,MSFT,8637
2015-09-26,MSFT,6374
2015-09-27,MSFT,9258
2015-09-28,MSFT,11203
2015-09-29,MSFT,10138
2015-09-30,MSFT,9523
2015-10-01,MSFT,8591
2015-10-02,MSFT,7923
2015-10-03,MSFT,6398
2015-10-04,MSFT,7036
2015-10-05,MSFT,8574
2015-10-06,MSFT,10328
2015-10-07,MSFT,10878
2015-10-08,MSFT,9524
2015-10-09,MSFT,10667
2015-10-10,MSFT,7406
2015-10-11,MSFT,8038
2015-10-12,MSFT,9341
2015-10-13,MSFT,10944
2015-10-14,MSFT,8489
2015-10-15,MSFT,9694
2015-10-16,MSFT,8002
2015-10-17,MSFT,7063
2015-10-18,MSFT,7179
2015-10-19,MSFT,8713
2015-10-20,MSFT,8677
2015-10-21,MSFT,8488
2015-10-22,MSFT,8199
2015-10-23,MSFT,8403
2015-10-24,MSFT,6495
2015-10-25,MSFT,6819
2015-10-26,MSFT,8177
2015-10-27,MSFT,8406
2015-10-28,MSFT,9103
2015-10-29,MSFT,8618
2015-10-30,MSFT,7389
2015-10-31,MSFT,5873
2015-11-01,MSFT,6382
2015-11-02,MSFT,8290
2015-11-03,MSFT,8383
2015-11-04,MSFT,8583
2015-11-05,MSFT,8855
2015-11-06,MSFT,8272
2015-11-07,MSFT,6038
2015-11-08,MSFT,6066
2015-11-09,MSFT,8039
2015-11-10,MSFT,7917
2015-11-11,MSFT,8193
2015-11-12,MSFT,8088
2015-11-13,MSFT,7287
2015-11-14,MSFT,5633
2015-11-15,MSFT,6033
2015-11-16,MSFT,7676
2015-11-17,MSFT,8582
2015-11-18,MSFT,8288
2015-11-19,MSFT,7809
2015-11-20,MSFT,7723
2015-11-21,MSFT,6126
2015-11-22,MSFT,6186
2015-11-23,MSFT,7432
2015-11-24,MSFT,7547
2015-11-25,MSFT,6990
2015-11-26,MSFT,6535
2015-11-27,MSFT,6026
2015-11-28,MSFT,5645
2015-11-29,MSFT,6579
2015-11-30,MSFT,9414
2015-12-01,MSFT,8550
2015-12-02,MSFT,9159
2015-12-03,MSFT,8535
2015-12-04,MSFT,7844
2015-12-05,MSFT,5945
2015-12-06,MSFT,6177
2015-12-07,MSFT,8839
2015-12-08,MSFT,8410
2015-12-09,MSFT,8141
2015-12-10,MSFT,7738
2015-12-11,MSFT,7004
2015-12-12,MSFT,5506
2015-12-13,MSFT,6242
2015-12-14,MSFT,7480
2015-12-15,MSFT,7129
2015-12-16,MSFT,7093
2015-12-17,MSFT,7180
2015-12-18,MSFT,6145
2015-12-19,MSFT,5072
2015-12-20,MSFT,5314
2015-12-21,MSFT,6069
2015-12-22,MSFT,6466
2015-12-23,MSFT,5612
2015-12-24,MSFT,5840
2015-12-25,MSFT,4410
2015-12-26,MSFT,4780
2015-12-27,MSFT,4987
2015-12-28,MSFT,5967
2015-12-29,MSFT,6117
2015-12-30,MSFT,5928
2015-12-31,MSFT,5355
2016-01-01,MSFT,4819
2016-01-02,MSFT,5348
2016-01-03,MSFT,5519
2016-01-04,MSFT,7585
2016-01-05,MSFT,7695
2016-01-06,MSFT,7654
2016-01-07,MSFT,7912
2016-01-08,MSFT,7194
2016-01-09,MSFT,5963
2016-01-10,MSFT,6717
2016-01-11,MSFT,8085
2016-01-12,MSFT,7771
2016-01-13,MSFT,8199
2016-01-14,MSFT,8297
2016-01-15,MSFT,7185
2016-01-16,MSFT,5464
2016-01-17,MSFT,6487
2016-01-18,MSFT,8824
2016-01-19,MSFT,9541
2016-01-20,MSFT,9107
2016-01-21,MSFT,9301
2016-01-22,MSFT,7346
2016-01-23,MSFT,5858
2016-01-24,MSFT,6110
2016-01-25,MSFT,7830
2016-01-26,MSFT,8432
2016-01-27,MSFT,8085
2016-01-28,MSFT,8360
2016-01-29,MSFT,8146
2016-01-30,MSFT,6142
2016-01-31,MSFT,6695
2016-02-01,MSFT,8875
2016-02-02,MSFT,9256
2016-02-03,MSFT,8688
2016-02-04,MSFT,8190
2016-02-05,MSFT,8164
2016-02-06,MSFT,6186
2016-02-07,MSFT,6480
2016-02-08,MSFT,9083
2016-02-09,MSFT,9230
2016-02-10,MSFT,9224
2016-02-11,MSFT,8940
2016-02-12,MSFT,33031
2016-02-13,MSFT,48947
2016-02-14,MSFT,7220
2016-02-15,MSFT,8743
2016-02-16,MSFT,9443
2016-02-17,MSFT,8971
2016-02-18,MSFT,9246
2016-02-19,MSFT,8312
2016-02-20,MSFT,7407
2016-02-21,MSFT,7646
2016-02-22,MSFT,8988
2016-02-23,MSFT,10590
2016-02-24,MSFT,9962
2016-02-25,MSFT,10039
2016-02-26,MSFT,9336
2016-02-27,MSFT,7371
2016-02-28,MSFT,7869
2016-02-29,MSFT,9467
2016-03-01,MSFT,9873
2016-03-02,MSFT,9884
2016-03-03,MSFT,9596
2016-03-04,MSFT,8377
2016-03-05,MSFT,7240
2016-03-06,MSFT,7326
2016-03-07,MSFT,9028
2016-03-08,MSFT,9608
2016-03-09,MSFT,9526
2016-03-10,MSFT,9168
2016-03-11,MSFT,8121
2016-03-12,MSFT,6264
2016-03-13,MSFT,6779
2016-03-14,MSFT,7719
2016-03-15,MSFT,7335
2016-03-16,MSFT,8017
2016-03-17,MSFT,8509
2016-03-18,MSFT,7129
2016-03-19,MSFT,5345
2016-03-20,MSFT,5560
2016-03-21,MSFT,7152
2016-03-22,MSFT,7351
2016-03-23,MSFT,6688
2016-03-24,MSFT,6603
2016-03-25,MSFT,5817
2016-03-26,MSFT,5233
2016-03-27,MSFT,5261
2016-03-28,MSFT,6511
2016-03-29,MSFT,7492
2016-03-30,MSFT,7729
2016-03-31,MSFT,7400
2016-04-01,MSFT,6912
2016-04-02,MSFT,5495
2016-04-03,MSFT,5752
2016-04-04,MSFT,9532
2016-04-05,MSFT,8375
2016-04-06,MSFT,8472
2016-04-07,MSFT,7594
2016-04-08,MSFT,7635
2016-04-09,MSFT,5812
2016-04-10,MSFT,7047
2016-04-11,MSFT,8158
2016-04-12,MSFT,7832
2016-04-13,MSFT,7696
2016-04-14,MSFT,7575
2016-04-15,MSFT,7198
2016-04-16,MSFT,6060
2016-04-17,MSFT,6321
2016-04-18,MSFT,8064
2016-04-19,MSFT,8411
2016-04-20,MSFT,7845
2016-04-21,MSFT,8363
2016-04-22,MSFT,8693
2016-04-23,MSFT,6272
2016-04-24,MSFT,6633
2016-04-25,MSFT,7330
2016-04-26,MSFT,7622
2016-04-27,MSFT,8213
2016-04-28,MSFT,7791
2016-04-29,MSFT,6932
2016-04-30,MSFT,5384
2016-05-01,MSFT,5662
2016-05-02,MSFT,7230
2016-05-03,MSFT,7755
2016-05-04,MSFT,7377
2016-05-05,MSFT,7437
2016-05-06,MSFT,6661
2016-05-07,MSFT,5053
2016-05-08,MSFT,5371
2016-05-09,MSFT,7418
2016-05-10,MSFT,8461
2016-05-11,MSFT,7595
2016-05-12,MSFT,8119
2016-05-13,MSFT,6721
2016-05-14,MSFT,5140
2016-05-15,MSFT,5388
2016-05-16,MSFT,7127
2016-05-17,MSFT,7900
2016-05-18,MSFT,8650
2016-05-19,MSFT,7954
2016-05-20,MSFT,7441
2016-05-21,MSFT,5783
2016-05-22,MSFT,6664
2016-05-23,MSFT,7251
2016-05-24,MSFT,7543
2016-05-25,MSFT,7505
2016-05-26,MSFT,7610
2016-05-27,MSFT,7771
2016-05-28,MSFT,5174
2016-05-29,MSFT,5091
2016-05-30,MSFT,6414
2016-05-31,MSFT,7340
2016-06-01,MSFT,7078
2016-06-02,MSFT,7020
2016-06-03,MSFT,6614
2016-06-04,MSFT,5456
2016-06-05,MSFT,5241
2016-06-06,MSFT,6651
2016-06-07,MSFT,7932
2016-06-08,MSFT,6724
2016-06-09,MSFT,7480
2016-06-10,MSFT,6353
2016-06-11,MSFT,5181
2016-06-12,MSFT,7264
2016-06-13,MSFT,16832
2016-06-14,MSFT,14224
2016-06-15,MSFT,12616
2016-06-16,MSFT,12319
2016-06-17,MSFT,10458
2016-06-18,MSFT,8582
2016-06-19,MSFT,8510
2016-06-20,MSFT,8399
2016-06-21,MSFT,8521
2016-06-22,MSFT,8912
2016-06-23,MSFT,7960
2016-06-24,MSFT,7392
2016-06-25,MSFT,5419
2016-06-26,MSFT,6420
2016-06-27,MSFT,8314
2016-06-28,MSFT,8068
2016-06-29,MSFT,7599
2016-06-30,MSFT,7730
2016-07-01,MSFT,6956
2016-07-02,MSFT,6020
2016-07-03,MSFT,6448
2016-07-04,MSFT,6890
2016-07-05,MSFT,7120
2016-07-06,MSFT,7199
2016-07-07,MSFT,7227
2016-07-08,MSFT,6147
2016-07-09,MSFT,5285
2016-07-10,MSFT,5510
2016-07-11,MSFT,6735
2016-07-12,MSFT,6698
2016-07-13,MSFT,6033
2016-07-14,MSFT,6246
2016-07-15,MSFT,6016
2016-07-16,MSFT,5117
2016-07-17,MSFT,5639
2016-07-18,MSFT,7033
2016-07-19,MSFT,7034
2016-07-20,MSFT,7336
2016-07-21,MSFT,6708
2016-07-22,MSFT,6290
2016-07-23,MSFT,5088
2016-07-24,MSFT,5339
2016-07-25,MSFT,6829
2016-07-26,MSFT,7165
2016-07-27,MSFT,7141
2016-07-28,MSFT,7780
2016-07-29,MSFT,7769
2016-07-30,MSFT,7001
2016-07-31,MSFT,6545
2016-08-01,MSFT,7111
2016-08-02,MSFT,6976
2016-08-03,MSFT,7091
2016-08-04,MSFT,6758
2016-08-05,MSFT,6271
2016-08-06,MSFT,5016
2016-08-07,MSFT,6022
2016-08-08,MSFT,6135
2016-08-09,MSFT,6225
2016-08-10,MSFT,6374
2016-08-11,MSFT,6602
2016-08-12,MSFT,6039
2016-08-13,MSFT,4906
2016-08-14,MSFT,4817
2016-08-15,MSFT,6003
2016-08-16,MSFT,6408
2016-08-17,MSFT,7047
2016-08-18,MSFT,7949
2016-08-19,MSFT,5986
2016-08-20,MSFT,4819
2016-08-21,MSFT,5314
2016-08-22,MSFT,6710
2016-08-23,MSFT,7236
2016-08-24,MSFT,7881
2016-08-25,MSFT,7176
2016-08-26,MSFT,6571
2016-08-27,MSFT,5438
2016-08-28,MSFT,5936
2016-08-29,MSFT,7018
2016-08-30,MSFT,7912
2016-08-31,MSFT,7558
2016-09-01,MSFT,7531
2016-09-02,MSFT,7629
2016-09-03,MSFT,5626
2016-09-04,MSFT,5659
2016-09-05,MSFT,6757
2016-09-06,MSFT,7753
2016-09-07,MSFT,8445
2016-09-08,MSFT,8680
2016-09-09,MSFT,8347
2016-09-10,MSFT,6396
2016-09-11,MSFT,6539
2016-09-12,MSFT,8086
2016-09-13,MSFT,8585
2016-09-14,MSFT,8133
2016-09-15,MSFT,9461
2016-09-16,MSFT,8784
2016-09-17,MSFT,9690
2016-09-18,MSFT,9570
2016-09-19,MSFT,9750
2016-09-20,MSFT,12110
2016-09-21,MSFT,10824
2016-09-22,MSFT,11797
2016-09-23,MSFT,10012
2016-09-24,MSFT,6847
2016-09-25,MSFT,7217
2016-09-26,MSFT,8603
2016-09-27,MSFT,9596
2016-09-28,MSFT,10089
2016-09-29,MSFT,8473
2016-09-30,MSFT,7630
2016-10-01,MSFT,5957
2016-10-02,MSFT,6546
2016-10-03,MSFT,7874
2016-10-04,MSFT,8345
2016-10-05,MSFT,8331
2016-10-06,MSFT,7954
2016-10-07,MSFT,7064
2016-10-08,MSFT,5659
2016-10-09,MSFT,5739
2016-10-10,MSFT,7260
2016-10-11,MSFT,7563
2016-10-12,MSFT,8467
2016-10-13,MSFT,7619
2016-10-14,MSFT,7480
2016-10-15,MSFT,6216
2016-10-16,MSFT,6273
2016-10-17,MSFT,7902
2016-10-18,MSFT,8267
2016-10-19,MSFT,7891
2016-10-20,MSFT,7953
2016-10-21,MSFT,8091
2016-10-22,MSFT,6212
2016-10-23,MSFT,7383
2016-10-24,MSFT,8419
2016-10-25,MSFT,9383
2016-10-26,MSFT,8844
2016-10-27,MSFT,9300
2016-10-28,MSFT,7884
2016-10-29,MSFT,6908
2016-10-30,MSFT,6444
2016-10-31,MSFT,7919
2016-11-01,MSFT,8461
2016-11-02,MSFT,8589
2016-11-03,MSFT,10629
2016-11-04,MSFT,8507
2016-11-05,MSFT,6921
2016-11-06,MSFT,7337
2016-11-07,MSFT,9100
2016-11-08,MSFT,8776
2016-11-09,MSFT,7715
2016-11-10,MSFT,7746
2016-11-11,MSFT,7405
2016-11-12,MSFT,6020
2016-11-13,MSFT,7539
2016-11-14,MSFT,9255
2016-11-15,MSFT,10059
2016-11-16,MSFT,10148
2016-11-17,MSFT,11128
2016-11-18,MSFT,10256
2016-11-19,MSFT,7422
2016-11-20,MSFT,8112
2016-11-21,MSFT,9434
2016-11-22,MSFT,11366
2016-11-23,MSFT,9390
2016-11-24,MSFT,8496
2016-11-25,MSFT,8939
2016-11-26,MSFT,7536
2016-11-27,MSFT,7997
2016-11-28,MSFT,9541
2016-11-29,MSFT,9583
2016-11-30,MSFT,11333
2016-12-01,MSFT,9357
2016-12-02,MSFT,9104
2016-12-03,MSFT,7255
2016-12-04,MSFT,7958
2016-12-05,MSFT,9969
2016-12-06,MSFT,9602
2016-12-07,MSFT,9509
2016-12-08,MSFT,9613
2016-12-09,MSFT,8829
2016-12-10,MSFT,7211
2016-12-11,MSFT,8162
2016-12-12,MSFT,9774
2016-12-13,MSFT,10047
2016-12-14,MSFT,9495
2016-12-15,MSFT,10256
2016-12-16,MSFT,8396
2016-12-17,MSFT,7365
2016-12-18,MSFT,8100
2016-12-19,MSFT,9171
2016-12-20,MSFT,8213
2016-12-21,MSFT,7013
2016-12-22,MSFT,6445
2016-12-23,MSFT,6961
2016-12-24,MSFT,4820
2016-12-25,MSFT,5026
2016-12-26,MSFT,5832
2016-12-27,MSFT,6512
2016-12-28,MSFT,6615
2016-12-29,MSFT,6514
2016-12-30,MSFT,6064
2016-12-31,MSFT,4710
2017-01-01,MSFT,5051